110, 110, la-transl, translation, 110?</p></div>, texts/xml/masa0848.xml
112, 112, la-transl, translation, 112</p></div>, texts/xml/masa0847.xml
20, 20, la-transl, translation, 20</p></div>, texts/xml/masa0849.xml
21, 21, la-transl, translation, 21</p></div>, texts/xml/masa0846.xml
30, 30, la-transl, translation, 30</p></div>, texts/xml/masa0845.xml
40, 40, la-transl, translation, 40</p></div>, texts/xml/masa0850.xml
44, 44, la-transl, translation, 44</p></div>, texts/xml/masa0823.xml
76, 76, la-transl, translation, 76</p></div>, texts/xml/masa0824.xml
A, A, la-transl, translation, A, texts/xml/caes0045.xml
A, A, la-transl, translation, A</p></div>, texts/xml/caes0046.xml
A, A, la-transl, translation, A, texts/xml/caes0047.xml
A, A, la-transl, translation, A</p></div>, texts/xml/caes0048.xml
A, A, la-transl, translation, A, texts/xml/caes0049.xml
A, A, la-transl, translation, A, texts/xml/caes0053.xml
A, A, la-transl, translation, A...</p></div>, texts/xml/mare0422.xml
Acilius, Acilius, la-transl, , Acilius, texts/xml/caes0016.xml
Aelius, Aelius, la-transl, , Aelius, texts/xml/caes0011.xml
Aemilius, Aemilius, la-transl, translation, Aemilius</p></div>, texts/xml/masa0750.xml
Africanus, Africanus, la-transl, , </persName>Africanus, texts/xml/caes0009.xml
Africanus, Africanus, la-transl, , </persName>Africanus, texts/xml/caes0107.xml
Agrippa, Agrippa, la-transl, , </persName>Agrippa</persName>, texts/xml/caes0003.xml
Agrippa, Agrippa, la-transl, , </persName>Agrippa, texts/xml/caes0032.xml
Ancharius, Ancharius, la-transl, translation, Ancharius</p></div>, texts/xml/masa0751.xml
Ancharius, Ancharius, la-transl, translation, Ancharius</p></div>, texts/xml/masa0752.xml
Ancharius, Ancharius, la-transl, translation, Ancharius</p></div>, texts/xml/masa0753.xml
Ancharius, Ancharius, la-transl, translation, Ancharius</p></div>, texts/xml/masa0754.xml
Ancharius, Ancharius, la-transl, translation, Ancharius</p></div>, texts/xml/masa0755.xml
Annius, Annius, la-transl, translation, Annius</p></div>, texts/xml/masa0756.xml
Annius, Annius, la-transl, translation, Annius</p></div>, texts/xml/masa0757.xml
Antoniniana, Antoniniana, la-transl, , Antoniniana&#44;, texts/xml/caes0004.xml
Antoniniana, Antoniniana, la-transl, , Antoniniana&#44;, texts/xml/caes0018.xml
Antonius, Antonius, la-transl, , </persName>Antonius, texts/xml/caes0107.xml
Arabs, Arabs, la-transl, , Arabs, texts/xml/caes0004.xml
Arbaeus, Arbaeus, la-transl, , Arbaeus, texts/xml/caes0009.xml
Asian, Asian, la-transl, , Asian, texts/xml/caes0004.xml
Aufidius, Aufidius, la-transl, , Aufidius, texts/xml/caes0014.xml
Aufidius, Aufidius, la-transl, , Aufidius, texts/xml/caes0017.xml
Aufidius, Aufidius, la-transl, translation, Aufidius</p></div>, texts/xml/masa0758.xml
Aufidius, Aufidius, la-transl, translation, Aufidius</p></div>, texts/xml/masa0759.xml
Augusta, Augusta, la-transl, , </persName>Augusta, texts/xml/caes0024.xml
Augusta, Augusta, la-transl, , Augusta</placeName>.</p></div>, texts/xml/caes0044.xml
Augustus, Augustus, la-transl, , Augustus</persName>&#44;, texts/xml/caes0002.xml
Augustus, Augustus, la-transl, , </persName>Augustus, texts/xml/caes0003.xml
Augustus, Augustus, la-transl, , Augustus</persName>., texts/xml/caes0006.xml
Augustus, Augustus, la-transl, , Augustus., texts/xml/caes0007.xml
Augustus, Augustus, la-transl, , </rs>Augustus, texts/xml/caes0009.xml
Augustus, Augustus, la-transl, , Augustus&#44;, texts/xml/caes0011.xml
Augustus, Augustus, la-transl, , </persName>Augustus, texts/xml/caes0013.xml
Augustus, Augustus, la-transl, , Augustus, texts/xml/caes0015.xml
Augustus, Augustus, la-transl, , Augustus&#44;, texts/xml/caes0016.xml
Augustus, Augustus, la-transl, , Augustus, texts/xml/caes0018.xml
Augustus, Augustus, la-transl, , Augustus, texts/xml/caes0020.xml
Augustus, Augustus, la-transl, , Augustus</rs>..., texts/xml/caes0031.xml
Augustus, Augustus, la-transl, , </persName>Augustus, texts/xml/caes0045.xml
Augustus, Augustus, la-transl, , </persName>Augustus, texts/xml/caes0047.xml
Augustus, Augustus, la-transl, , </persName>Augustus, texts/xml/caes0049.xml
Augustus, Augustus, la-transl, , </persName>Augustus, texts/xml/caes0051.xml
Augustus, Augustus, la-transl, , </persName>Augustus, texts/xml/caes0052.xml
Augustus, Augustus, la-transl, , </persName>Augustus, texts/xml/caes0053.xml
Augustus, Augustus, la-transl, , </persName>Augustus, texts/xml/caes0054.xml
Augustus, Augustus, la-transl, , Augustus, texts/xml/caes0106.xml
Augustus, Augustus, la-transl, , Augustus, texts/xml/caes0107.xml
Augustus, Augustus, la-transl, , Augustus, texts/xml/caes0354.xml
Augustus, Augustus, la-transl, , Augustus, texts/xml/yotv0001.xml
Aurelius, Aurelius, la-transl, , Aurelius, texts/xml/caes0007.xml
Aurelius, Aurelius, la-transl, , </persName>Aurelius, texts/xml/caes0009.xml
Aurelius, Aurelius, la-transl, , Aurelius, texts/xml/caes0010.xml
Aurelius, Aurelius, la-transl, , </persName>Aurelius, texts/xml/caes0016.xml
Aurunculeius, Aurunculeius, la-transl, , Aurunculeius</persName>, texts/xml/caes0002.xml
Bakchi, Bakchi, la-transl, translation, Bakchi...</p></div>, texts/xml/mare0412.xml
By, By, la-transl, , By, texts/xml/caes0003.xml
By, By, la-transl, , By, texts/xml/caes0010.xml
By, By, la-transl, , By, texts/xml/caes0015.xml
C, C, la-transl, , </persName></name>C...&#44;, texts/xml/caes0161.xml
Caesar, Caesar, la-transl, , </rs>Caesar, texts/xml/caes0006.xml
Caesar, Caesar, la-transl, , Caesar</rs>., texts/xml/caes0014.xml
Caesar, Caesar, la-transl, , Caesar, texts/xml/caes0016.xml
Caesar, Caesar, la-transl, , Caesar</rs>., texts/xml/caes0017.xml
Caesar, Caesar, la-transl, , </rs>Caesar, texts/xml/caes0047.xml
Caesar, Caesar, la-transl, , </rs>Caesar, texts/xml/caes0049.xml
Caesar, Caesar, la-transl, , </rs>Caesar, texts/xml/caes0051.xml
Caesar, Caesar, la-transl, , </rs>Caesar, texts/xml/caes0052.xml
Caesar, Caesar, la-transl, , </rs>Caesar, texts/xml/caes0054.xml
Caesar, Caesar, la-transl, , </rs>Caesar, texts/xml/caes0106.xml
Caesar, Caesar, la-transl, , </rs>Caesar, texts/xml/caes0107.xml
Caesarea, Caesarea, la-transl, , Caesarea</placeName>&#44;, texts/xml/caes0003.xml
Caesarea, Caesarea, la-transl, , </persName>Caesarea, texts/xml/caes0024.xml
Caesarea, Caesarea, la-transl, , Caesarea</placeName>&#44;, texts/xml/caes0044.xml
Caesars, Caesars, la-transl, , Caesars, texts/xml/yotv0001.xml
Caius, Caius, la-transl, translation, Caius</p></div>, texts/xml/haif0020a.xml
Callistus, Callistus, la-transl, , Callistus</persName>, texts/xml/caes0002.xml
Calpurnianus, Calpurnianus, la-transl, , </persName>Calpurnianus, texts/xml/caes0010.xml
Campagoni, Campagoni, la-transl, , Campagoni, texts/xml/caes0004.xml
Claudius, Claudius, la-transl, , </persName>Claudius, texts/xml/caes0021.xml
Claudius, Claudius, la-transl, , </persName>Claudius, texts/xml/caes0145.xml
Claudius, Claudius, la-transl, , Claudius, texts/xml/caes0146.xml
Clemens, Clemens, la-transl, , Clemens</persName>&#44;, texts/xml/caes0006.xml
Cleobulus, Cleobulus, la-transl, , </persName>Cleobulus, texts/xml/caes0016.xml
Cleopatra, Cleopatra, la-transl, , Cleopatra, texts/xml/caes0044.xml
Colony, Colony, la-transl, , Colony, texts/xml/caes0044.xml
Constans, Constans, la-transl, , Constans., texts/xml/caes0146.xml
Constantius, Constantius, la-transl, , </persName>Constantius, texts/xml/caes0017.xml
Constantius, Constantius, la-transl, , </lb>Constantius, texts/xml/yotv0001.xml
Cornelius, Cornelius, la-transl, , </persName>Cornelius, texts/xml/caes0015.xml
Cyprus, Cyprus, la-transl, , Cyprus</placeName>;, texts/xml/caes0004.xml
Dacia, Dacia, la-transl, , Dacia</placeName>;, texts/xml/caes0004.xml
Damas, Damas, la-transl, , Damas, texts/xml/caes0146.xml
Decimus, Decimus, la-transl, , Decimus, texts/xml/caes0015.xml
Diocletian, Diocletian, la-transl, , </persName>Diocletian, texts/xml/caes0006.xml
Diocletian, Diocletian, la-transl, , </lb>Diocletian, texts/xml/yotv0001.xml
Emperor, Emperor, la-transl, , Emperor, texts/xml/caes0006.xml
Emperor, Emperor, la-transl, , Emperor</rs>...&#44;, texts/xml/caes0016.xml
Emperor, Emperor, la-transl, translation, Emperor, texts/xml/caes0054.xml
Felix, Felix, la-transl, , </rs>Felix, texts/xml/caes0009.xml
Ferrata, Ferrata, la-transl, , Ferrata, texts/xml/caes0004.xml
Ferrata, Ferrata, la-transl, , Ferrata.</p></div>, texts/xml/caes0054.xml
Ferrata, Ferrata, la-transl, , Ferrata, texts/xml/caes0146.xml
Fidelis, Fidelis, la-transl, , Fidelis, texts/xml/caes0146.xml
Flavia, Flavia, la-transl, , Flavia, texts/xml/caes0044.xml
Flavia, Flavia, la-transl, translation, Flavia, texts/xml/caes0024.xml
Flavianus, Flavianus, la-transl, , </persName>Flavianus, texts/xml/caes0031.xml
Flavios, Flavios, la-transl, , Flavios, texts/xml/caes0055.xml
Flavius, Flavius, la-transl, , Flavius</persName>, texts/xml/caes0002.xml
Flavius, Flavius, la-transl, , </persName>Flavius, texts/xml/caes0003.xml
Flavius, Flavius, la-transl, , </persName>Flavius, texts/xml/caes0010.xml
Flavius, Flavius, la-transl, , Flavius, texts/xml/caes0017.xml
Flavius, Flavius, la-transl, , </persName>Flavius, texts/xml/caes0018.xml
Flavius, Flavius, la-transl, , Flavius, texts/xml/caes0146.xml
Florentios, Florentios, la-transl, , </persName>Florentios, texts/xml/caes0055.xml
For, For, la-transl, , </lb>For, texts/xml/yotv0001.xml
Fretensis, Fretensis, la-transl, , Fretensis, texts/xml/caes0018.xml
Fretensis, Fretensis, la-transl, , Fretensis&#44;, texts/xml/caes0031.xml
Fretensis, Fretensis, la-transl, , Fretensis.</p></div>, texts/xml/caes0051.xml
Fretensis, Fretensis, la-transl, , Fretensis.</p></div>, texts/xml/caes0052.xml
Fretensis, Fretensis, la-transl, , Fretensis, texts/xml/caes0146.xml
Fretensis, Fretensis, la-transl, , Fretensis&#44;, texts/xml/caes0148.xml
Fulminata, Fulminata, la-transl, , Fulminata</p></div>, texts/xml/caes0119.xml
Furius, Furius, la-transl, , </persName>Furius, texts/xml/caes0007.xml
G, G, la-transl, , </persName>G-, texts/xml/caes0021.xml
Gaius, Gaius, la-transl, , </rs>Gaius, texts/xml/caes0006.xml
Gaius, Gaius, la-transl, , Gaius, texts/xml/caes0007.xml
Gaius, Gaius, la-transl, , Gaius, texts/xml/caes0018.xml
Gaius, Gaius, la-transl, , </rs>Gaius, texts/xml/caes0106.xml
Gaius, Gaius, la-transl, translation, Gaius</persName>, texts/xml/caes0002.xml
Galerius, Galerius, la-transl, , Galerius, texts/xml/caes0014.xml
Good, Good, la-transl, translation, Good</p></div>, texts/xml/fiqg0002.xml
Gordianus, Gordianus, la-transl, , </persName>Gordianus, texts/xml/caes0107.xml
Hadrian, Hadrian, la-transl, , </persName>Hadrian, texts/xml/caes0045.xml
Hadrian, Hadrian, la-transl, , </persName>Hadrian, texts/xml/caes0047.xml
Hadrian, Hadrian, la-transl, , </persName>Hadrian, texts/xml/caes0049.xml
Hadrian, Hadrian, la-transl, , </persName>Hadrian, texts/xml/caes0051.xml
Hadrian, Hadrian, la-transl, , </persName>Hadrian, texts/xml/caes0052.xml
Hadrian, Hadrian, la-transl, , </persName>Hadrian, texts/xml/caes0053.xml
Hadrian, Hadrian, la-transl, , </persName>Hadrian, texts/xml/caes0054.xml
Height, Height, la-transl, translation, (Height?)</p></div>, texts/xml/caes0062.xml
Hemeseni, Hemeseni, la-transl, , Hemeseni, texts/xml/caes0004.xml
Hilarus, Hilarus, la-transl, , Hilarus, texts/xml/caes0146.xml
His, His, la-transl, , His, texts/xml/caes0009.xml
His, His, la-transl, , His, texts/xml/caes0015.xml
Imperator, Imperator, la-transl, , Imperator, texts/xml/caes0045.xml
Imperator, Imperator, la-transl, , Imperator, texts/xml/caes0047.xml
Imperator, Imperator, la-transl, , Imperator, texts/xml/caes0049.xml
Imperator, Imperator, la-transl, , Imperator, texts/xml/caes0053.xml
Imperator, Imperator, la-transl, , Imperator, texts/xml/caes0106.xml
Imperator, Imperator, la-transl, , Imperator, texts/xml/caes0107.xml
Imperator, Imperator, la-transl, translation, Imperator, texts/xml/caes0051.xml
Imperator, Imperator, la-transl, translation, Imperator, texts/xml/caes0052.xml
In, In, la-transl, translation, In, texts/xml/caes0011.xml
Invictus, Invictus, la-transl, , </rs>Invictus, texts/xml/caes0009.xml
Iohanna, Iohanna, la-transl, translation, Iohan[n]a</p></div>, texts/xml/jeru0093.xml
Italicus, Italicus, la-transl, , </persName>Italicus, texts/xml/caes0145.xml
Judaeathe, Judaeathe, la-transl, , Judaea</placeName>&#44;...the, texts/xml/caes0043.xml
Julia, Julia, la-transl, , Julia, texts/xml/caes0032.xml
Julianus, Julianus, la-transl, , </persName>Julianus, texts/xml/caes0011.xml
Julianus, Julianus, la-transl, , </persName>Julianus, texts/xml/caes0148.xml
Julius, Julius, la-transl, , </persName>Julius, texts/xml/caes0018.xml
Julius, Julius, la-transl, , Julius, texts/xml/caes0032.xml
Julius, Julius, la-transl, , </persName>Julius, texts/xml/caes0106.xml
Julius, Julius, la-transl, , Julius, texts/xml/caes0148.xml
Julius, Julius, la-transl, translation, Julius, texts/xml/caes0119.xml
Justinus, Justinus, la-transl, , </persName>Justinus, texts/xml/caes0007.xml
Left, Left, la-transl, , </lb>Left, texts/xml/yotv0001.xml
Legio, Legio, la-transl, , Legio, texts/xml/caes0031.xml
Legio, Legio, la-transl, , Legio, texts/xml/caes0051.xml
Legio, Legio, la-transl, , Legio, texts/xml/caes0052.xml
Legio, Legio, la-transl, , Legio, texts/xml/caes0054.xml
Legio, Legio, la-transl, , Legio, texts/xml/caes0119.xml
Legio, Legio, la-transl, , Legio, texts/xml/caes0146.xml
Legio, Legio, la-transl, , Legio, texts/xml/caes0148.xml
Lord, Lord, la-transl, , Lord, texts/xml/caes0009.xml
Lord, Lord, la-transl, translation, Lord&#44;</p></div>, texts/xml/jeru0306.xml
Lucius, Lucius, la-transl, , Lucius, texts/xml/caes0004.xml
Magnus, Magnus, la-transl, , </persName>Magnus, texts/xml/caes0119.xml
Marcus, Marcus, la-transl, , </rs>Marcus, texts/xml/caes0009.xml
Marcus, Marcus, la-transl, , </rs>Marcus, texts/xml/caes0016.xml
Marcus, Marcus, la-transl, , Marcus, texts/xml/caes0018.xml
Marcus, Marcus, la-transl, , </rs>Marcus, texts/xml/caes0107.xml
Marcus, Marcus, la-transl, translation, Marcus, texts/xml/caes0003.xml
Marion, Marion, la-transl, translation, Marion</p></div>, texts/xml/jeru0164.xml
Maximianus, Maximianus, la-transl, , </persName></name>Maximianus, texts/xml/caes0009.xml
Maximianus, Maximianus, la-transl, , </persName>Maximianus, texts/xml/caes0014.xml
Maximianus, Maximianus, la-transl, , </lb>Maximianus, texts/xml/yotv0001.xml
Maximinus, Maximinus, la-transl, , </persName>Maximinus, texts/xml/caes0106.xml
Maximus, Maximus, la-transl, , </persName>Maximus, texts/xml/caes0106.xml
Mesopotamia, Mesopotamia, la-transl, , Mesopotamia</placeName>, texts/xml/caes0010.xml
Mesopotamian, Mesopotamian, la-transl, , Mesopotamian, texts/xml/caes0004.xml
Mevius, Mevius, la-transl, , Mevius, texts/xml/caes0004.xml
Numerous, Numerous, la-transl, , Numerous, texts/xml/yotv0001.xml
Osrhoene, Osrhoene, la-transl, , Osrhoene</placeName>&#44;, texts/xml/caes0010.xml
Palaestina, Palaestina, la-transl, , Palaestina</placeName>&#44;, texts/xml/caes0009.xml
Palaestina, Palaestina, la-transl, , Palaestina</placeName>&#44;, texts/xml/caes0013.xml
Palaestina, Palaestina, la-transl, , Palaestina</placeName>&#44;, texts/xml/caes0014.xml
Palaestina, Palaestina, la-transl, , Palaestina</placeName>., texts/xml/caes0015.xml
Palaestina, Palaestina, la-transl, , Palaestina</placeName>&#44;, texts/xml/caes0016.xml
Palaestina, Palaestina, la-transl, , Palaestina</placeName>&#44;, texts/xml/caes0017.xml
Palaestina, Palaestina, la-transl, , Palaestina</placeName>&#44;, texts/xml/caes0018.xml
Palaestina, Palaestina, la-transl, , Palaestina</placeName>., texts/xml/caes0032.xml
Palaestina, Palaestina, la-transl, , Palaestina, texts/xml/yotv0001.xml
PalaestinaVictorinus, PalaestinaVictorinus, la-transl, , Palaestina</placeName>...Victorinus</persName>.</p></div>, texts/xml/caes0020.xml
Palestina, Palestina, la-transl, , Palestina</placeName>, texts/xml/caes0004.xml
Pannonia, Pannonia, la-transl, , Pannonia</placeName>&#44;, texts/xml/caes0004.xml
Parthians, Parthians, la-transl, , Parthians);, texts/xml/caes0004.xml
Pilatus, Pilatus, la-transl, , </persName>Pilatus, texts/xml/caes0043.xml
Pius, Pius, la-transl, , </rs>Pius, texts/xml/caes0009.xml
Pontius, Pontius, la-transl, , Pontius, texts/xml/caes0043.xml
Potens, Potens, la-transl, , </persName>Potens, texts/xml/caes0146.xml
Prima, Prima, la-transl, , Prima, texts/xml/caes0044.xml
Priscus, Priscus, la-transl, , </persName>Priscus, texts/xml/caes0014.xml
Priscus, Priscus, la-transl, , </persName>Priscus, texts/xml/caes0017.xml
Priscus, Priscus, la-transl, , Priscus, texts/xml/yotv0001.xml
Probus, Probus, la-transl, , Probus, texts/xml/caes0013.xml
Probus, Probus, la-transl, , </persName>Probus, texts/xml/caes0016.xml
Procula, Procula, la-transl, , </persName>Procula, texts/xml/caes0032.xml
Protianus, Protianus, la-transl, , </persName>Protianus, texts/xml/caes0146.xml
Publius, Publius, la-transl, translation, P(ublius)</p></div>, texts/xml/emma0001.xml
Quintianus, Quintianus, la-transl, , </persName>Quintianus, texts/xml/caes0015.xml
Quirina, Quirina, la-transl, , Quirina</name>&#44;, texts/xml/caes0015.xml
Quirinaof, Quirinaof, la-transl, , Quirina</name>...of, texts/xml/caes0018.xml
Rhodope, Rhodope, la-transl, , Rhodope, texts/xml/caes0160.xml
Right, Right, la-transl, , </lb>Right, texts/xml/yotv0001.xml
Roman, Roman, la-transl, , Roman, texts/xml/caes0004.xml
Roman, Roman, la-transl, , Roman, texts/xml/caes0010.xml
Romanus, Romanus, la-transl, , </persName>Romanus, texts/xml/caes0004.xml
Romanus, Romanus, la-transl, , </persName>Romanus, texts/xml/caes0107.xml
S, S, la-transl, , </persName>S-, texts/xml/caes0018.xml
Seius, Seius, la-transl, , </persName>Seius, texts/xml/caes0015.xml
Sempronianus, Sempronianus, la-transl, , </persName>Sempronianus, texts/xml/caes0107.xml
Seneca, Seneca, la-transl, , </persName>Seneca, texts/xml/caes0015.xml
Serenity, Serenity, la-transl, , Serenity</rs>.</p></div>, texts/xml/caes0009.xml
Sextus, Sextus, la-transl, , Sextus, texts/xml/caes0015.xml
Sextus, Sextus, la-transl, translation, Sextus</p></div>, texts/xml/mare0401.xml
Sextus, Sextus, la-transl, translation, Sextus</p></div>, texts/xml/mare0402.xml
Sextus, Sextus, la-transl, translation, Sextus, texts/xml/mare0403.xml
Slave, Slave, la-transl, translation, Slave</p></div>, texts/xml/masa0834.xml
Spanish, Spanish, la-transl, , Spanish, texts/xml/caes0004.xml
Symphorus, Symphorus, la-transl, , Symphorus, texts/xml/caes0146.xml
Syria, Syria, la-transl, , Syria, texts/xml/caes0004.xml
Syria, Syria, la-transl, , Syria, texts/xml/caes0013.xml
Syria, Syria, la-transl, , Syria, texts/xml/caes0015.xml
Syria, Syria, la-transl, , Syria, texts/xml/caes0016.xml
Syria, Syria, la-transl, , Syria, texts/xml/caes0018.xml
Syria, Syria, la-transl, , Syria, texts/xml/caes0020.xml
Syria, Syria, la-transl, , Syria, texts/xml/caes0032.xml
Syria, Syria, la-transl, , Syria, texts/xml/yotv0001.xml
Taurinus, Taurinus, la-transl, , </persName>Taurinus, texts/xml/caes0015.xml
The, The, la-transl, translation, The</p></div>, texts/xml/masa0799.xml
Theophilus, Theophilus, la-transl, , </persName>Theophilus, texts/xml/caes0010.xml
Tiberianus, Tiberianus, la-transl, , </persName>Tiberianus, texts/xml/caes0148.xml
Tiberieum, Tiberieum, la-transl, , Tiberieum....</p></div>, texts/xml/caes0043.xml
Tiberius, Tiberius, la-transl, , Tiberius, texts/xml/caes0021.xml
Tiberius, Tiberius, la-transl, , Tiberius, texts/xml/caes0145.xml
Timesitheus, Timesitheus, la-transl, , </persName>Timesitheus, texts/xml/caes0007.xml
Titia, Titia, la-transl, , Titia, texts/xml/caes0161.xml
Titianus, Titianus, la-transl, , </persName>Titianus, texts/xml/caes0018.xml
Titus, Titus, la-transl, , Titus</persName>, texts/xml/caes0002.xml
To, To, la-transl, translation, To</p></div>, texts/xml/bshe0006.xml
To, To, la-transl, translation, To, texts/xml/caes0004.xml
To, To, la-transl, translation, To, texts/xml/caes0006.xml
To, To, la-transl, translation, To, texts/xml/caes0007.xml
To, To, la-transl, translation, To, texts/xml/caes0009.xml
To, To, la-transl, translation, To, texts/xml/caes0010.xml
To, To, la-transl, translation, To..., texts/xml/caes0013.xml
To, To, la-transl, translation, To, texts/xml/caes0014.xml
To, To, la-transl, translation, To, texts/xml/caes0015.xml
To, To, la-transl, translation, To, texts/xml/caes0016.xml
To, To, la-transl, translation, To, texts/xml/caes0017.xml
To, To, la-transl, translation, To, texts/xml/caes0018.xml
To, To, la-transl, translation, To, texts/xml/caes0021.xml
To, To, la-transl, translation, To, texts/xml/caes0106.xml
To, To, la-transl, translation, To, texts/xml/caes0107.xml
To, To, la-transl, translation, To, texts/xml/caes0145.xml
To, To, la-transl, translation, To, texts/xml/caes0146.xml
To, To, la-transl, translation, To..., texts/xml/caes0148.xml
To, To, la-transl, translation, To, texts/xml/caes0160.xml
To, To, la-transl, translation, To, texts/xml/caes0161.xml
Trajan, Trajan, la-transl, , </rs>Trajan, texts/xml/caes0045.xml
Trajan, Trajan, la-transl, , </rs>Trajan, texts/xml/caes0047.xml
Trajan, Trajan, la-transl, , </rs>Trajan, texts/xml/caes0049.xml
Trajan, Trajan, la-transl, , </rs>Trajan, texts/xml/caes0051.xml
Trajan, Trajan, la-transl, , </rs>Trajan, texts/xml/caes0052.xml
Trajan, Trajan, la-transl, , </rs>Trajan, texts/xml/caes0053.xml
Trajan, Trajan, la-transl, , </rs>Trajan, texts/xml/caes0054.xml
Under, Under, la-transl, translation, Under, texts/xml/caes0055.xml
VI, VI, la-transl, , VI, texts/xml/caes0054.xml
VI, VI, la-transl, , VI, texts/xml/caes0146.xml
Valentina, Valentina, la-transl, , Valentina, texts/xml/caes0148.xml
Valerianus, Valerianus, la-transl, , </persName>Valerianus, texts/xml/caes0004.xml
Valerius, Valerius, la-transl, , </persName>Valerius, texts/xml/caes0004.xml
Valerius, Valerius, la-transl, , </persName>Valerius, texts/xml/caes0006.xml
Valerius, Valerius, la-transl, , </persName>Valerius, texts/xml/caes0009.xml
Valerius, Valerius, la-transl, , Valerius, texts/xml/caes0010.xml
Valerius, Valerius, la-transl, , </persName>Valerius, texts/xml/caes0014.xml
Valerius, Valerius, la-transl, , </persName>Valerius, texts/xml/caes0017.xml
Verus, Verus, la-transl, , </persName>Verus, texts/xml/caes0106.xml
X, X, la-transl, , X, texts/xml/caes0031.xml
X, X, la-transl, , X, texts/xml/caes0051.xml
X, X, la-transl, , X, texts/xml/caes0052.xml
X, X, la-transl, , X, texts/xml/caes0146.xml
X, X, la-transl, , X, texts/xml/caes0148.xml
XII, XII, la-transl, , XII, texts/xml/caes0119.xml
a, a, la-transl, , a, texts/xml/caes0004.xml
a, a, la-transl, , a, texts/xml/caes0037.xml
a, a, la-transl, , a, texts/xml/caes0051.xml
a, a, la-transl, , a, texts/xml/caes0052.xml
a, a, la-transl, , a, texts/xml/caes0054.xml
a, a, la-transl, , a, texts/xml/caes0119.xml
a, a, la-transl, , a, texts/xml/caes0146.xml
against, against, la-transl, , against, texts/xml/caes0004.xml
all, all, la-transl, , all, texts/xml/caes0013.xml
all, all, la-transl, , all, texts/xml/caes0016.xml
an, an, la-transl, , an, texts/xml/caes0004.xml
and, and, la-transl, , and, texts/xml/caes0003.xml
and, and, la-transl, , and, texts/xml/caes0004.xml
and, and, la-transl, , and, texts/xml/caes0006.xml
and, and, la-transl, , </rs>and, texts/xml/caes0007.xml
and, and, la-transl, , and, texts/xml/caes0010.xml
and, and, la-transl, , and, texts/xml/caes0013.xml
and, and, la-transl, , and, texts/xml/caes0014.xml
and, and, la-transl, , and, texts/xml/caes0016.xml
and, and, la-transl, , and, texts/xml/caes0017.xml
and, and, la-transl, , and, texts/xml/caes0018.xml
and, and, la-transl, , and, texts/xml/caes0031.xml
and, and, la-transl, , </rs>and, texts/xml/caes0044.xml
and, and, la-transl, , and, texts/xml/caes0106.xml
and, and, la-transl, , and, texts/xml/caes0107.xml
and, and, la-transl, , and, texts/xml/caes0146.xml
and, and, la-transl, , and, texts/xml/caes0148.xml
and, and, la-transl, , </persName></name>...and....</p></div>, texts/xml/caes0354.xml
and, and, la-transl, , and, texts/xml/yotv0001.xml
aqueduct, aqueduct, la-transl, , aqueduct), texts/xml/caes0051.xml
aqueduct, aqueduct, la-transl, , aqueduct), texts/xml/caes0052.xml
aqueduct, aqueduct, la-transl, , aqueduct), texts/xml/caes0054.xml
aqueducts, aqueducts, la-transl, , aqueducts, texts/xml/caes0055.xml
at, at, la-transl, , at, texts/xml/caes0003.xml
at, at, la-transl, , at, texts/xml/caes0010.xml
at, at, la-transl, , at, texts/xml/caes0037.xml
because, because, la-transl, , because, texts/xml/caes0031.xml
best, best, la-transl, , best, texts/xml/caes0148.xml
beyond, beyond, la-transl, , beyond, texts/xml/caes0013.xml
by, by, la-transl, , by, texts/xml/caes0011.xml
by, by, la-transl, , by, texts/xml/caes0037.xml
by, by, la-transl, , (by, texts/xml/caes0044.xml
by, by, la-transl, , </lb>by, texts/xml/yotv0001.xml
care, care, la-transl, , care, texts/xml/yotv0001.xml
cavalry, cavalry, la-transl, , cavalry, texts/xml/caes0004.xml
centurion, centurion, la-transl, , centurion, texts/xml/caes0004.xml
centurion, centurion, la-transl, , centurion, texts/xml/caes0007.xml
centurion, centurion, la-transl, , centurion, texts/xml/caes0119.xml
centurion, centurion, la-transl, , centurion, texts/xml/caes0146.xml
centurion, centurion, la-transl, , centurion, texts/xml/caes0148.xml
charge, charge, la-transl, , charge, texts/xml/caes0004.xml
charged, charged, la-transl, , charged, texts/xml/caes0004.xml
citizen, citizen, la-transl, , citizen, texts/xml/caes0004.xml
clarissimate, clarissimate, la-transl, , clarissimate, texts/xml/caes0013.xml
clarissimate, clarissimate, la-transl, , clarissimate, texts/xml/caes0016.xml
cohort, cohort, la-transl, , cohort, texts/xml/caes0004.xml
colony, colony, la-transl, , colony, texts/xml/caes0003.xml
completing, completing, la-transl, , completing, texts/xml/caes0004.xml
constans, constans, la-transl, , constans, texts/xml/caes0004.xml
consul, consul, la-transl, , consul</rs>&#44;, texts/xml/caes0107.xml
cus, cus, la-transl, translation, ...--cus, texts/xml/caes0037.xml
d, d, la-transl, , </lb>d</p></div>, texts/xml/mare0403.xml
daughter, daughter, la-transl, , daughter, texts/xml/caes0032.xml
decree, decree, la-transl, , decree, texts/xml/caes0003.xml
decree, decree, la-transl, , decree, texts/xml/caes0010.xml
decree, decree, la-transl, , decree, texts/xml/caes0011.xml
decurion, decurion, la-transl, , decurion, texts/xml/caes0010.xml
decurions, decurions, la-transl, , decurions, texts/xml/caes0003.xml
decurions, decurions, la-transl, , decurions&#44;, texts/xml/caes0010.xml
decurions, decurions, la-transl, , decurions.</p></div>, texts/xml/caes0011.xml
deserving, deserving, la-transl, , deserving.</p></div>, texts/xml/caes0018.xml
detachment, detachment, la-transl, , detachment, texts/xml/caes0004.xml
detachment, detachment, la-transl, , detachment, texts/xml/caes0051.xml
detachment, detachment, la-transl, , detachment, texts/xml/caes0052.xml
detachment, detachment, la-transl, , detachment, texts/xml/caes0054.xml
devoted, devoted, la-transl, , devoted, texts/xml/caes0006.xml
devoted, devoted, la-transl, , devoted, texts/xml/caes0009.xml
devoted, devoted, la-transl, , devoted, texts/xml/caes0013.xml
devoted, devoted, la-transl, , devoted, texts/xml/caes0014.xml
devoted, devoted, la-transl, , devoted, texts/xml/caes0016.xml
duovir, duovir, la-transl, , duovir</rs>&#44;, texts/xml/caes0003.xml
dutiful, dutiful, la-transl, , dutiful, texts/xml/caes0106.xml
dutiful, dutiful, la-transl, , dutiful, texts/xml/caes0107.xml
dutiful, dutiful, la-transl, , dutiful, texts/xml/caes0146.xml
duumvir, duumvir, la-transl, , duumvir</rs>., texts/xml/caes0015.xml
ear, ear, la-transl, , ear:, texts/xml/yotv0001.xml
egregiate, egregiate, la-transl, , egregiate, texts/xml/caes0011.xml
enemies, enemies, la-transl, , enemies;, texts/xml/caes0004.xml
erected, erected, la-transl, , </lb>erected, texts/xml/yotv0001.xml
expedition, expedition, la-transl, , expedition, texts/xml/caes0004.xml
expense, expense, la-transl, , expense.</p></div>, texts/xml/caes0003.xml
expense, expense, la-transl, , expense., texts/xml/caes0010.xml
expense, expense, la-transl, , expense, texts/xml/caes0037.xml
extraordinary, extraordinary, la-transl, , extraordinary, texts/xml/caes0031.xml
faithful, faithful, la-transl, , faithful, texts/xml/caes0006.xml
faithful, faithful, la-transl, , faithful&#44;, texts/xml/caes0014.xml
faithful, faithful, la-transl, , faithful&#44;, texts/xml/caes0017.xml
fidelis, fidelis, la-transl, , fidelis, texts/xml/caes0004.xml
first, first, la-transl, , first, texts/xml/caes0003.xml
first, first, la-transl, , first, texts/xml/caes0004.xml
for, for, la-transl, , for, texts/xml/caes0004.xml
for, for, la-transl, , for, texts/xml/caes0015.xml
for, for, la-transl, , for, texts/xml/caes0018.xml
for, for, la-transl, , </rs>for, texts/xml/caes0020.xml
for, for, la-transl, , ?for, texts/xml/caes0044.xml
for, for, la-transl, , for, texts/xml/caes0146.xml
for, for, la-transl, , for, texts/xml/yotv0001.xml
forbearing, forbearing, la-transl, , forbearing., texts/xml/caes0016.xml
former, former, la-transl, , former, texts/xml/caes0015.xml
fortunate, fortunate, la-transl, , fortunate, texts/xml/caes0004.xml
fortyyear, fortyyear, la-transl, , forty-year, texts/xml/yotv0001.xml
foundations, foundations, la-transl, , foundations.</p></div>, texts/xml/caes0055.xml
fourth, fourth, la-transl, , fourth, texts/xml/caes0004.xml
freedman, freedman, la-transl, , freedman, texts/xml/caes0002.xml
freedmen, freedmen, la-transl, , freedmen, texts/xml/caes0146.xml
friend, friend, la-transl, , friend, texts/xml/caes0002.xml
from, from, la-transl, , from, texts/xml/caes0055.xml
gate, gate, la-transl, , gate&#44;, texts/xml/yotv0001.xml
gave, gave, la-transl, , </persName>gave, texts/xml/caes0037.xml
governor, governor, la-transl, , governor, texts/xml/caes0009.xml
governor, governor, la-transl, , governor, texts/xml/caes0013.xml
governor, governor, la-transl, , governor, texts/xml/caes0014.xml
governor, governor, la-transl, , governor, texts/xml/caes0016.xml
governor, governor, la-transl, , governor, texts/xml/caes0017.xml
governor, governor, la-transl, , governor, texts/xml/yotv0001.xml
grade, grade, la-transl, , </rs>grade&#44;, texts/xml/caes0055.xml
great, great, la-transl, , great, texts/xml/caes0037.xml
happy, happy, la-transl, , happy&#44;, texts/xml/caes0006.xml
happy, happy, la-transl, , happy&#44;, texts/xml/caes0014.xml
happy, happy, la-transl, , happy, texts/xml/caes0016.xml
happy, happy, la-transl, , happy&#44;, texts/xml/caes0017.xml
happy, happy, la-transl, , happy&#44;, texts/xml/caes0106.xml
happy, happy, la-transl, , happy, texts/xml/caes0107.xml
heir, heir, la-transl, , heir, texts/xml/caes0044.xml
heirs, heirs, la-transl, , heirs, texts/xml/caes0146.xml
her, her, la-transl, , her, texts/xml/caes0148.xml
his, his, la-transl, , his, texts/xml/caes0002.xml
his, his, la-transl, , his...&#44;, texts/xml/caes0004.xml
his, his, la-transl, , his, texts/xml/caes0006.xml
his, his, la-transl, , his, texts/xml/caes0007.xml
his, his, la-transl, , his, texts/xml/caes0013.xml
his, his, la-transl, , his, texts/xml/caes0014.xml
his, his, la-transl, , his, texts/xml/caes0016.xml
his, his, la-transl, , his, texts/xml/caes0031.xml
his, his, la-transl, , his, texts/xml/caes0037.xml
his, his, la-transl, , his, texts/xml/caes0146.xml
husband, husband, la-transl, , husband</rs>&#44;, texts/xml/caes0148.xml
in, in, la-transl, , in, texts/xml/caes0004.xml
incomparable, incomparable, la-transl, , incomparable, texts/xml/caes0004.xml
it, it, la-transl, , it, texts/xml/caes0037.xml
ius, ius, la-transl, , --ius, texts/xml/caes0031.xml
jubilee, jubilee, la-transl, , jubilee., texts/xml/yotv0001.xml
knight, knight, la-transl, , knight, texts/xml/caes0010.xml
legate, legate, la-transl, , legate, texts/xml/caes0015.xml
legate, legate, la-transl, , legate, texts/xml/caes0018.xml
legate, legate, la-transl, , legate, texts/xml/caes0020.xml
legate, legate, la-transl, , legate</rs>...</p></div>, texts/xml/caes0021.xml
legion, legion, la-transl, , legion, texts/xml/caes0004.xml
legion, legion, la-transl, , legion, texts/xml/caes0018.xml
legional, legional, la-transl, , legional, texts/xml/caes0021.xml
likewise, likewise, la-transl, , likewise, texts/xml/caes0004.xml
made, made, la-transl, , made, texts/xml/caes0044.xml
made, made, la-transl, , </persName></name>made, texts/xml/caes0051.xml
made, made, la-transl, , </persName></name>made, texts/xml/caes0052.xml
made, made, la-transl, , </persName></name>(made, texts/xml/caes0054.xml
made, made, la-transl, , made, texts/xml/caes0146.xml
made, made, la-transl, translation, ...made</p></div>, texts/xml/caes0163.xml
magnificentissimate, magnificentissimate, la-transl, , magnificentissimate, texts/xml/caes0055.xml
majesty, majesty, la-transl, , majesty.</p></div>, texts/xml/caes0006.xml
majesty, majesty, la-transl, , majesty.</p></div>, texts/xml/caes0013.xml
majesty, majesty, la-transl, , majesty.</p></div>, texts/xml/caes0014.xml
majesty, majesty, la-transl, , majesty.</p></div>, texts/xml/caes0016.xml
majesty, majesty, la-transl, , majesty.</p></div>, texts/xml/caes0017.xml
man, man, la-transl, , man.</p></div>, texts/xml/caes0004.xml
man, man, la-transl, , man&#44;, texts/xml/caes0037.xml
merits, merits, la-transl, , merits, texts/xml/caes0031.xml
metropolis, metropolis, la-transl, , metropolis., texts/xml/caes0010.xml
metropolis, metropolis, la-transl, , metropolis&#44;, texts/xml/caes0011.xml
might, might, la-transl, , might, texts/xml/caes0013.xml
might, might, la-transl, , might, texts/xml/caes0014.xml
might, might, la-transl, , might, texts/xml/caes0016.xml
might, might, la-transl, , might, texts/xml/caes0017.xml
monument, monument, la-transl, , monument), texts/xml/caes0146.xml
most, most, la-transl, , most, texts/xml/caes0004.xml
most, most, la-transl, , most, texts/xml/caes0009.xml
most, most, la-transl, , </persName></name>...most, texts/xml/caes0013.xml
most, most, la-transl, , most, texts/xml/caes0014.xml
most, most, la-transl, , most, texts/xml/caes0016.xml
most, most, la-transl, , most, texts/xml/caes0017.xml
most, most, la-transl, , most, texts/xml/caes0106.xml
most, most, la-transl, , most, texts/xml/caes0146.xml
mother, mother, la-transl, , mother, texts/xml/caes0044.xml
my, my, la-transl, , (my), texts/xml/caes0161.xml
noble, noble, la-transl, , noble, texts/xml/caes0014.xml
noble, noble, la-transl, , noble, texts/xml/caes0017.xml
noble, noble, la-transl, , noble, texts/xml/caes0106.xml
noble, noble, la-transl, , noble, texts/xml/yotv0001.xml
of, of, la-transl, , </rs>of, texts/xml/caes0002.xml
of, of, la-transl, , </rs>of, texts/xml/caes0003.xml
of, of, la-transl, , </rs>of, texts/xml/caes0004.xml
of, of, la-transl, , of, texts/xml/caes0006.xml
of, of, la-transl, , </rs>of, texts/xml/caes0007.xml
of, of, la-transl, , of, texts/xml/caes0009.xml
of, of, la-transl, , of, texts/xml/caes0010.xml
of, of, la-transl, , of, texts/xml/caes0011.xml
of, of, la-transl, , of, texts/xml/caes0013.xml
of, of, la-transl, , of, texts/xml/caes0014.xml
of, of, la-transl, , </rs>of, texts/xml/caes0015.xml
of, of, la-transl, , of, texts/xml/caes0016.xml
of, of, la-transl, , of, texts/xml/caes0017.xml
of, of, la-transl, , </rs>of, texts/xml/caes0018.xml
of, of, la-transl, , </rs>of, texts/xml/caes0020.xml
of, of, la-transl, , </rs>of, texts/xml/caes0031.xml
of, of, la-transl, , </rs>of, texts/xml/caes0032.xml
of, of, la-transl, , </rs>of, texts/xml/caes0043.xml
of, of, la-transl, , of, texts/xml/caes0044.xml
of, of, la-transl, , of, texts/xml/caes0051.xml
of, of, la-transl, , of, texts/xml/caes0052.xml
of, of, la-transl, , of, texts/xml/caes0054.xml
of, of, la-transl, , </rs>of, texts/xml/caes0055.xml
of, of, la-transl, , of, texts/xml/caes0106.xml
of, of, la-transl, , of, texts/xml/caes0107.xml
of, of, la-transl, , </rs>of, texts/xml/caes0119.xml
of, of, la-transl, , </rs>of, texts/xml/caes0146.xml
of, of, la-transl, , </rs>of, texts/xml/caes0148.xml
of, of, la-transl, , of, texts/xml/yotv0001.xml
of, of, la-transl, translation, ...of, texts/xml/caes0032.xml
or, or, la-transl, , (or, texts/xml/caes0004.xml
orator, orator, la-transl, , orator, texts/xml/caes0003.xml
order, order, la-transl, , order, texts/xml/caes0015.xml
our, our, la-transl, , our, texts/xml/caes0011.xml
our, our, la-transl, , our, texts/xml/caes0106.xml
out, out, la-transl, , out, texts/xml/caes0002.xml
out, out, la-transl, , out, texts/xml/caes0031.xml
over, over, la-transl, , over, texts/xml/caes0016.xml
patron, patron, la-transl, , patron, texts/xml/caes0010.xml
patron, patron, la-transl, , patron, texts/xml/caes0011.xml
patron, patron, la-transl, , patron.</p></div>, texts/xml/caes0146.xml
peace, peace, la-transl, , peace&#44;, texts/xml/yotv0001.xml
peoples, peoples, la-transl, , peoples&#44;, texts/xml/caes0016.xml
peregrine, peregrine, la-transl, , peregrine, texts/xml/caes0004.xml
perfectissimate, perfectissimate, la-transl, , perfectissimate, texts/xml/caes0006.xml
perfectissimate, perfectissimate, la-transl, , perfectissimate, texts/xml/caes0009.xml
perfectissimate, perfectissimate, la-transl, , perfectissimate, texts/xml/caes0010.xml
perfectissimate, perfectissimate, la-transl, , perfectissimate, texts/xml/caes0014.xml
perfectissimate, perfectissimate, la-transl, , perfectissimate, texts/xml/caes0017.xml
perpetual, perpetual, la-transl, , perpetual, texts/xml/yotv0001.xml
placed, placed, la-transl, , placed, texts/xml/caes0004.xml
pontifex, pontifex, la-transl, , pontifex</rs>&#44;, texts/xml/caes0107.xml
power, power, la-transl, , power</rs>&#44;, texts/xml/caes0107.xml
powerful, powerful, la-transl, , powerful, texts/xml/caes0013.xml
prefect, prefect, la-transl, , prefect, texts/xml/caes0004.xml
prefect, prefect, la-transl, , prefect, texts/xml/caes0010.xml
prefect, prefect, la-transl, , prefect, texts/xml/caes0043.xml
prefect, prefect, la-transl, , prefect, texts/xml/caes0146.xml
previous, previous, la-transl, , previous, texts/xml/caes0013.xml
priest, priest, la-transl, , priest</rs>&#44;, texts/xml/caes0003.xml
primuspilus, primuspilus, la-transl, , primuspilus</p></div>, texts/xml/caes0145.xml
princesPassenianus, princesPassenianus, la-transl, , princes...Passenianus</persName>&#44;, texts/xml/caes0013.xml
proconsul, proconsul, la-transl, , proconsul, texts/xml/caes0055.xml
proconsul, proconsul, la-transl, , proconsul</rs>.</p></div>, texts/xml/caes0107.xml
procurator, procurator, la-transl, , procurator, texts/xml/caes0004.xml
procurator, procurator, la-transl, , procurator</rs>&#44;, texts/xml/caes0006.xml
procurator, procurator, la-transl, , procurator, texts/xml/caes0007.xml
procurator, procurator, la-transl, , procurator, texts/xml/caes0011.xml
procurator, procurator, la-transl, , procurator</rs>&#44;, texts/xml/caes0146.xml
propaetorian, propaetorian, la-transl, , propaetorian, texts/xml/caes0018.xml
propraetorian, propraetorian, la-transl, , propraetorian, texts/xml/caes0015.xml
propraetorian, propraetorian, la-transl, , propraetorian, texts/xml/caes0020.xml
propretorian, propretorian, la-transl, translation, ...propretorian, texts/xml/caes0031.xml
province, province, la-transl, , province, texts/xml/caes0004.xml
province, province, la-transl, , province, texts/xml/caes0009.xml
province, province, la-transl, , province, texts/xml/caes0013.xml
province, province, la-transl, , province, texts/xml/caes0014.xml
province, province, la-transl, , province, texts/xml/caes0015.xml
province, province, la-transl, , province, texts/xml/caes0016.xml
province, province, la-transl, , province, texts/xml/caes0017.xml
province, province, la-transl, , province, texts/xml/caes0020.xml
province, province, la-transl, , province, texts/xml/yotv0001.xml
public, public, la-transl, , public, texts/xml/caes0003.xml
public, public, la-transl, , public, texts/xml/caes0004.xml
public, public, la-transl, , public, texts/xml/caes0010.xml
rank, rank, la-transl, , </rs>rank&#44;, texts/xml/caes0006.xml
rank, rank, la-transl, , </rs>rank&#44;, texts/xml/caes0009.xml
rank, rank, la-transl, , </rs>rank&#44;, texts/xml/caes0010.xml
rank, rank, la-transl, , </rs>rank&#44;, texts/xml/caes0011.xml
rank, rank, la-transl, , </rs>rank&#44;, texts/xml/caes0013.xml
rank, rank, la-transl, , </rs>rank&#44;, texts/xml/caes0014.xml
rank, rank, la-transl, , </rs>rank&#44;, texts/xml/caes0016.xml
rank, rank, la-transl, , </rs>rank&#44;, texts/xml/caes0017.xml
rank, rank, la-transl, , rank&#44;, texts/xml/caes0146.xml
rebuilt, rebuilt, la-transl, , rebuilt, texts/xml/caes0055.xml
respect, respect, la-transl, , respect.</p></div>, texts/xml/caes0002.xml
respect, respect, la-transl, , respect.</p></div>, texts/xml/caes0031.xml
responsible, responsible, la-transl, , responsible.</p></div>, texts/xml/caes0010.xml
second, second, la-transl, , second, texts/xml/caes0146.xml
sixth, sixth, la-transl, , sixth, texts/xml/caes0004.xml
son, son, la-transl, , son, texts/xml/caes0015.xml
son, son, la-transl, , son, texts/xml/caes0106.xml
son, son, la-transl, , son, texts/xml/caes0107.xml
son, son, la-transl, , son</rs>.</p></div>, texts/xml/caes0148.xml
spirit, spirit, la-transl, , spirit, texts/xml/caes0006.xml
squadron, squadron, la-transl, , squadron, texts/xml/caes0004.xml
strator, strator, la-transl, , strator</rs>.</p></div>, texts/xml/caes0007.xml
tenth, tenth, la-transl, , tenth, texts/xml/caes0018.xml
testament, testament, la-transl, , testament&#44;, texts/xml/caes0044.xml
the, the, la-transl, , the, texts/xml/caes0003.xml
the, the, la-transl, , the, texts/xml/caes0004.xml
the, the, la-transl, , the, texts/xml/caes0009.xml
the, the, la-transl, , the, texts/xml/caes0010.xml
the, the, la-transl, , the, texts/xml/caes0011.xml
the, the, la-transl, , the, texts/xml/caes0013.xml
the, the, la-transl, , the, texts/xml/caes0014.xml
the, the, la-transl, , the, texts/xml/caes0015.xml
the, the, la-transl, , the, texts/xml/caes0016.xml
the, the, la-transl, , the, texts/xml/caes0017.xml
the, the, la-transl, , the, texts/xml/caes0018.xml
the, the, la-transl, , the, texts/xml/caes0020.xml
the, the, la-transl, , the, texts/xml/caes0031.xml
the, the, la-transl, , the, texts/xml/caes0044.xml
the, the, la-transl, , (the, texts/xml/caes0051.xml
the, the, la-transl, , (the, texts/xml/caes0052.xml
the, the, la-transl, , the, texts/xml/caes0054.xml
the, the, la-transl, , the, texts/xml/caes0055.xml
the, the, la-transl, , the, texts/xml/caes0146.xml
the, the, la-transl, , the, texts/xml/caes0148.xml
the, the, la-transl, , </lb>the, texts/xml/yotv0001.xml
their, their, la-transl, , their, texts/xml/caes0017.xml
their, their, la-transl, , their, texts/xml/caes0055.xml
their, their, la-transl, , their, texts/xml/caes0146.xml
this, this, la-transl, , this), texts/xml/caes0044.xml
this, this, la-transl, , (this, texts/xml/caes0146.xml
thousandman, thousandman, la-transl, , thousand-man, texts/xml/caes0004.xml
through, through, la-transl, , through, texts/xml/caes0051.xml
through, through, la-transl, , through, texts/xml/caes0052.xml
through, through, la-transl, , through, texts/xml/caes0054.xml
to, to, la-transl, , </name>to, texts/xml/caes0002.xml
to, to, la-transl, , to, texts/xml/caes0004.xml
to, to, la-transl, , to, texts/xml/caes0006.xml
to, to, la-transl, , to, texts/xml/caes0009.xml
to, to, la-transl, , to, texts/xml/caes0013.xml
to, to, la-transl, , to, texts/xml/caes0014.xml
to, to, la-transl, , to, texts/xml/caes0016.xml
to, to, la-transl, , to, texts/xml/caes0017.xml
to, to, la-transl, , to, texts/xml/caes0037.xml
to, to, la-transl, , to, texts/xml/caes0106.xml
to, to, la-transl, translation, ...to, texts/xml/caes0354.xml
tobest, tobest, la-transl, , to...best, texts/xml/caes0018.xml
towife, towife, la-transl, translation, ...to...wife</rs>...</p></div>, texts/xml/caes0162.xml
tribe, tribe, la-transl, , tribe, texts/xml/caes0015.xml
tribe, tribe, la-transl, , tribe, texts/xml/caes0018.xml
tribune, tribune, la-transl, , tribune, texts/xml/caes0004.xml
tribunician, tribunician, la-transl, , tribunician, texts/xml/caes0107.xml
truly, truly, la-transl, , truly, texts/xml/caes0016.xml
twentyyear, twentyyear, la-transl, , twenty-year, texts/xml/yotv0001.xml
two, two, la-transl, , two, texts/xml/caes0055.xml
unconquered, unconquered, la-transl, , unconquered&#44;, texts/xml/caes0014.xml
unconquered, unconquered, la-transl, , </persName></name>...unconquered, texts/xml/caes0016.xml
unconquered, unconquered, la-transl, , unconquered&#44;, texts/xml/caes0017.xml
unit, unit, la-transl, , unit, texts/xml/caes0004.xml
urban, urban, la-transl, , urban, texts/xml/caes0004.xml
victorious, victorious, la-transl, , victorious, texts/xml/caes0016.xml
volunteers, volunteers, la-transl, , volunteers, texts/xml/caes0004.xml
vows, vows, la-transl, , vows, texts/xml/yotv0001.xml
was, was, la-transl, , was, texts/xml/caes0010.xml
were, were, la-transl, , were, texts/xml/caes0055.xml
wife, wife, la-transl, , wife</rs>., texts/xml/caes0148.xml
wife, wife, la-transl, , wife</rs>...</p></div>, texts/xml/caes0160.xml
wife, wife, la-transl, , wife</rs>...</p></div>, texts/xml/caes0161.xml
wing, wing, la-transl, , wing, texts/xml/yotv0001.xml
with, with, la-transl, , with, texts/xml/caes0004.xml
with, with, la-transl, , with, texts/xml/caes0107.xml
with, with, la-transl, , with, texts/xml/yotv0001.xml
